Thread pool size,Concurrency,99th percentile Latency
10,5,1300.234239
14,5,1602.224127
44,5,1291.845631
49,5,1300.234239
3,5,696.254463
3,5,700.448767
3,5,700.448767
3,5,801.112063
1,5,55.312383
3,5,687.865855
3,5,696.254463
3,5,696.254463
3,5,687.865855
32,5,1224.736767
32,5,1300.234239
3,5,708.837375
3,5,704.643071
3,5,608.174079
3,5,700.448767
3,5,692.060159
2,5,318.767103
2,5,310.378495
2,5,343.932927
2,5,320.864255
2,5,373.293055
2,5,320.864255
2,5,322.961407
2,5,383.778815
2,5,373.293055
2,5,308.281343
2,5,318.767103
2,5,371.195903
2,5,322.961407
2,5,329.252863
2,5,312.475647
2,5,314.572799
2,5,312.475647
2,5,325.058559
2,5,379.584511
2,5,325.058559
